{
  "horizon": "72h",
  "label_column": "incident_in_72h",
  "model_type": "Bi-LSTM with Attention + Focal Loss + MC Dropout",
  "model_path": "data/bilstm_72h.keras",
  "architecture": {
    "lookback_days": 21,
    "subsample_hours": 2,
    "seq_len": 252,
    "n_features": 16,
    "input_features": [
      "cpu_load",
      "mem_used_pct",
      "ping_latency",
      "packet_loss",
      "cwmp_rss_mb",
      "dhcp_rss_mb",
      "nemo_rss_mb",
      "wan_status",
      "cpu_slope_6h",
      "ram_slope_6h",
      "cpu_mean_24h",
      "ram_mean_24h",
      "cpu_std_24h",
      "ram_std_24h",
      "wan_instability_6h",
      "health_score"
    ],
    "total_params": 50093
  },
  "metrics": {
    "roc_auc": 0.9542,
    "pr_auc": 0.8771,
    "f1": 0.8115,
    "threshold": 0.3345,
    "tp": 5671,
    "fp": 1625,
    "fn": 1009,
    "tn": 46445,
    "mc_dropout_mean_std": 0.0
  },
  "test_set": {
    "sequences": 54750,
    "positives": 6680,
    "positive_rate": 0.122
  },
  "attention_summary": {
    "seq_len": 252,
    "mean_on_positives": [
      0.00289,
      0.00266,
      0.00249,
      0.00238,
      0.00232,
      0.00228,
      0.00226,
      0.00224,
      0.00223,
      0.00222,
      0.00221,
      0.0022,
      0.0022,
      0.0022,
      0.0022,
      0.00219,
      0.00219,
      0.00219,
      0.00218,
      0.00218,
      0.00218,
      0.00218,
      0.00218,
      0.00218,
      0.00218,
      0.00218,
      0.00218,
      0.00218,
      0.00218,
      0.00218,
      0.00218,
      0.00218,
      0.00218,
      0.00218,
      0.00218,
      0.00218,
      0.00218,
      0.00218,
      0.00218,
      0.00218,
      0.00218,
      0.00218,
      0.00218,
      0.00217,
      0.00217,
      0.00217,
      0.00217,
      0.00216,
      0.00216,
      0.00216,
      0.00215,
      0.00215,
      0.00215,
      0.00215,
      0.00214,
      0.00214,
      0.00214,
      0.00214,
      0.00214,
      0.00213,
      0.00213,
      0.00213,
      0.00213,
      0.00213,
      0.00213,
      0.00213,
      0.00213,
      0.00213,
      0.00213,
      0.00213,
      0.00214,
      0.00214,
      0.00214,
      0.00214,
      0.00215,
      0.00215,
      0.00215,
      0.00216,
      0.00216,
      0.00216,
      0.00217,
      0.00217,
      0.00217,
      0.00218,
      0.00219,
      0.00219,
      0.0022,
      0.00221,
      0.00221,
      0.00222,
      0.00223,
      0.00224,
      0.00225,
      0.00226,
      0.00228,
      0.00229,
      0.0023,
      0.00231,
      0.00233,
      0.00234,
      0.00235,
      0.00237,
      0.00238,
      0.00239,
      0.0024,
      0.00241,
      0.00241,
      0.00241,
      0.00241,
      0.00241,
      0.00241,
      0.00241,
      0.00241,
      0.0024,
      0.0024,
      0.0024,
      0.00239,
      0.00239,
      0.00238,
      0.00238,
      0.00238,
      0.00238,
      0.00238,
      0.00238,
      0.00237,
      0.00237,
      0.00237,
      0.00237,
      0.00237,
      0.00237,
      0.00237,
      0.00237,
      0.00237,
      0.00237,
      0.00238,
      0.00238,
      0.00239,
      0.0024,
      0.00241,
      0.00242,
      0.00244,
      0.00245,
      0.00247,
      0.00249,
      0.00252,
      0.00255,
      0.00258,
      0.00262,
      0.00267,
      0.00272,
      0.00277,
      0.00283,
      0.00288,
      0.00293,
      0.00299,
      0.00305,
      0.00313,
      0.00321,
      0.0033,
      0.00337,
      0.00345,
      0.00353,
      0.00361,
      0.00369,
      0.00377,
      0.00385,
      0.00394,
      0.00405,
      0.00415,
      0.00424,
      0.00432,
      0.00439,
      0.00447,
      0.00455,
      0.00462,
      0.00468,
      0.00473,
      0.00477,
      0.00481,
      0.00486,
      0.00491,
      0.00495,
      0.00498,
      0.005,
      0.00501,
      0.00503,
      0.00504,
      0.00506,
      0.00508,
      0.0051,
      0.00513,
      0.00516,
      0.00519,
      0.00523,
      0.00528,
      0.00533,
      0.00538,
      0.00543,
      0.00549,
      0.00555,
      0.00562,
      0.0057,
      0.00578,
      0.00588,
      0.00598,
      0.00608,
      0.00619,
      0.0063,
      0.0064,
      0.0065,
      0.0066,
      0.00671,
      0.0068,
      0.00689,
      0.00699,
      0.0071,
      0.00723,
      0.00735,
      0.00748,
      0.00761,
      0.00775,
      0.0079,
      0.00804,
      0.00817,
      0.00831,
      0.00843,
      0.00856,
      0.00869,
      0.00883,
      0.00896,
      0.00909,
      0.00922,
      0.00934,
      0.00946,
      0.00958,
      0.00969,
      0.00979,
      0.00989,
      0.00999,
      0.01009,
      0.01018,
      0.01027,
      0.01035,
      0.01045,
      0.01056,
      0.01069,
      0.01084,
      0.01101,
      0.01119,
      0.01136,
      0.01143,
      0.01121
    ],